Mes,Casos Confirmados,Temperatura Promedio (°C),Lluvia Promedio (mm)
enero,61,22.92803366614171,1.2622950819672132
febrero,151,23.099378172767096,0.9900662251655629
marzo,463,24.93190287678598,0.18034557235421167
abril,669,26.674158254641505,0.08819133034379671
mayo,803,27.180019247388348,0.5828144458281445
junio,392,28.62295361327477,2.3622448979591835
julio,267,26.16507255135111,3.4213483146067416
agosto,69,22.475917471549387,5.391304347826087
septiembre,9,26.033865829750344,6
octubre,19,23.151452553063127,7.078947368421052
noviembre,9,22.14063072911017,4.222222222222222
diciembre,13,21.533415853060227,1.3846153846153846
